<?xml version="1.0" encoding="utf-8" ?>
<manifest identifier="Course_ID1" version="1.0" 
       xmlns="http://www.imsproject.org/xsd/imscp_rootv1p1p2"
       xmlns:adlcp="http://www.adlnet.org/xsd/adlcp_rootv1p2"
       xmlns:xsi="http://www.w3.org/2001/XMLSchema-instance"
       xsi:schemaLocation="http://www.imsproject.org/xsd/imscp_rootv1p1p2 imscp_rootv1p1p2.xsd
                           http://www.imsglobal.org/xsd/imsmd_rootv1p2p1 imsmd_rootv1p2p1.xsd
                           http://www.adlnet.org/xsd/adlcp_rootv1p2 adlcp_rootv1p2.xsd">
	<metadata>
		<schema>ADL SCORM</schema>
		<schemaversion>1.2</schemaversion>
		<adlcp:location>metadata.xml</adlcp:location> 
	</metadata>
	<organizations default="Course_ID1_ORG">
		<organization identifier="Course_ID1_ORG">
			<title>Captivate E-Learning Course</title>
			<item identifier="SCO_ID1" isvisible="true" identifierref="SCO_ID1_RES">
				<title>Course Object title</title>
			</item>
			<metadata>
				<schema>ADL SCORM</schema>
				<schemaversion>1.2</schemaversion>
				<adlcp:location>metadata.xml</adlcp:location> 
			</metadata>	
		</organization>
	</organizations>
	<resources>
		<resource identifier="SCO_ID1_RES" type="webcontent" href="index_SCORM.html" adlcp:scormtype="sco">
			
			<metadata>
				<schema>ADL SCORM</schema>
				<schemaversion>1.2</schemaversion>
				<adlcp:location>metadata.xml</adlcp:location> 
			</metadata>
			
			<file href="ar\56049.mp3"/>
		    <file href="index_SCORM.html"/>
			<file href="scormdriver.js"/>
			<file href="browsersniff.js"/>
			
<file href="ar/56049.mp3"/> 
<file href="ar/63327.mp3"/> 
<file href="ar/63330.mp3"/> 
<file href="ar/63333.mp3"/> 
<file href="ar/63336.mp3"/> 
<file href="ar/63339.mp3"/> 
<file href="ar/63342.mp3"/> 
<file href="ar/63345.mp3"/> 
<file href="ar/63348.mp3"/> 
<file href="ar/63351.mp3"/> 
<file href="ar/63354.mp3"/> 
<file href="ar/63357.mp3"/> 
<file href="ar/66286.mp3"/> 
<file href="ar/66290.mp3"/> 
<file href="ar/66293.mp3"/> 
<file href="ar/66296.mp3"/> 
<file href="ar/66300.mp3"/> 
<file href="ar/66303.mp3"/> 
<file href="ar/66311.mp3"/> 
<file href="ar/66315.mp3"/> 
<file href="ar/66318.mp3"/> 
<file href="ar/66322.mp3"/> 
<file href="ar/66334.mp3"/> 
<file href="ar/66338.mp3"/> 
<file href="ar/Mouse.mp3"/> 
<file href="assets/TOC_icons/collapseIcon.png"/> 
<file href="assets/TOC_icons/expandIcon.png"/> 
<file href="assets/TOC_icons/photo.png"/> 
<file href="assets/css/CPLibraryAll.css"/> 
<file href="assets/css/start/images/animated-overlay.gif"/> 
<file href="assets/css/start/images/ui-bg_flat_55_999999_40x100.png"/> 
<file href="assets/css/start/images/ui-bg_flat_75_aaaaaa_40x100.png"/> 
<file href="assets/css/start/images/ui-bg_glass_45_0078ae_1x400.png"/> 
<file href="assets/css/start/images/ui-bg_glass_55_f8da4e_1x400.png"/> 
<file href="assets/css/start/images/ui-bg_glass_75_79c9ec_1x400.png"/> 
<file href="assets/css/start/images/ui-bg_gloss-wave_45_e14f1c_500x100.png"/> 
<file href="assets/css/start/images/ui-bg_gloss-wave_50_6eac2c_500x100.png"/> 
<file href="assets/css/start/images/ui-bg_gloss-wave_75_2191c0_500x100.png"/> 
<file href="assets/css/start/images/ui-bg_inset-hard_100_fcfdfd_1x100.png"/> 
<file href="assets/css/start/images/ui-icons_0078ae_256x240.png"/> 
<file href="assets/css/start/images/ui-icons_056b93_256x240.png"/> 
<file href="assets/css/start/images/ui-icons_d8e7f3_256x240.png"/> 
<file href="assets/css/start/images/ui-icons_e0fdff_256x240.png"/> 
<file href="assets/css/start/images/ui-icons_f5e175_256x240.png"/> 
<file href="assets/css/start/images/ui-icons_f7a50d_256x240.png"/> 
<file href="assets/css/start/images/ui-icons_fcd113_256x240.png"/> 
<file href="assets/css/start/jquery-ui-1.10.4.custom.css"/> 
<file href="assets/css/start/jquery-ui-1.10.4.custom.min.css"/> 
<file href="assets/htmlimages/Pause.gif"/> 
<file href="assets/htmlimages/Pause2x.gif"/> 
<file href="assets/htmlimages/Play.gif"/> 
<file href="assets/htmlimages/Play2x.gif"/> 
<file href="assets/htmlimages/Play_icon.png"/> 
<file href="assets/htmlimages/arrow_right.gif"/> 
<file href="assets/htmlimages/ccClose.png"/> 
<file href="assets/htmlimages/checkBox_disabled.png"/> 
<file href="assets/htmlimages/checkBox_normal.png"/> 
<file href="assets/htmlimages/checkBox_selected.png"/> 
<file href="assets/htmlimages/checkBox_selectedDisabled.png"/> 
<file href="assets/htmlimages/closeReviewButton.png"/> 
<file href="assets/htmlimages/correct_answer_normal.png"/> 
<file href="assets/htmlimages/correct_answer_small.png"/> 
<file href="assets/htmlimages/correct_question_normal.png"/> 
<file href="assets/htmlimages/correct_question_small.png"/> 
<file href="assets/htmlimages/dd_arrow.png"/> 
<file href="assets/htmlimages/gesturemobileicon.png"/> 
<file href="assets/htmlimages/gesturemobileicon@2x.png"/> 
<file href="assets/htmlimages/gesturemobileimage2.png"/> 
<file href="assets/htmlimages/gesturemobilelandscape.png"/> 
<file href="assets/htmlimages/gesturetabletimage.png"/> 
<file href="assets/htmlimages/hotspot.gif"/> 
<file href="assets/htmlimages/hotspot_correct_answer_normal.png"/> 
<file href="assets/htmlimages/hotspot_incorrect_answer_normal.png"/> 
<file href="assets/htmlimages/img_trans.gif"/> 
<file href="assets/htmlimages/incorrect_answer_normal.png"/> 
<file href="assets/htmlimages/incorrect_answer_small.png"/> 
<file href="assets/htmlimages/incorrect_question_normal.png"/> 
<file href="assets/htmlimages/incorrect_question_small.png"/> 
<file href="assets/htmlimages/loader.gif"/> 
<file href="assets/htmlimages/loader_transparent.gif"/> 
<file href="assets/htmlimages/movieexpire.png"/> 
<file href="assets/htmlimages/partial_correct_question_normal.png"/> 
<file href="assets/htmlimages/partial_correct_question_small.png"/> 
<file href="assets/htmlimages/placeholder.png"/> 
<file href="assets/htmlimages/radioButton_disabled.png"/> 
<file href="assets/htmlimages/radioButton_normal.png"/> 
<file href="assets/htmlimages/radioButton_selected.png"/> 
<file href="assets/htmlimages/radioButton_selectedDisabled.png"/> 
<file href="assets/htmlimages/sequenceReview.png"/> 
<file href="assets/htmlimages/skip_answer_normal.png"/> 
<file href="assets/htmlimages/skip_answer_small.png"/> 
<file href="assets/htmlimages/skip_question_normal.png"/> 
<file href="assets/htmlimages/skip_question_small.png"/> 
<file href="assets/htmlimages/toc.png"/> 
<file href="assets/htmlimages/vidbg.png"/> 
<file href="assets/htmlimages/vidfullscreen.png"/> 
<file href="assets/htmlimages/vidpause.png"/> 
<file href="assets/htmlimages/vidplay.png"/> 
<file href="assets/htmlimages/vidrewind.png"/> 
<file href="assets/htmlimages/vidslider.png"/> 
<file href="assets/htmlimages/vidstop.png"/> 
<file href="assets/htmlimages/vidvolume.png"/> 
<file href="assets/htmlimages/vidvolume2.png"/> 
<file href="assets/htmlimages/vidvolumemute.png"/> 
<file href="assets/js/CPM.js"/> 
<file href="assets/js/CPXHRLoader.js"/> 
<file href="assets/js/OpenAjaxManagedHub-all.js"/> 
<file href="assets/js/jquery-1.6.1.min.js"/> 
<file href="assets/playbar/PlaybarIcons/AudioOff.png"/> 
<file href="assets/playbar/PlaybarIcons/AudioOn.png"/> 
<file href="assets/playbar/PlaybarIcons/BackGround.png"/> 
<file href="assets/playbar/PlaybarIcons/Backward.png"/> 
<file href="assets/playbar/PlaybarIcons/CC.png"/> 
<file href="assets/playbar/PlaybarIcons/Color.png"/> 
<file href="assets/playbar/PlaybarIcons/ColorSmall.png"/> 
<file href="assets/playbar/PlaybarIcons/Exit.png"/> 
<file href="assets/playbar/PlaybarIcons/FastForward.png"/> 
<file href="assets/playbar/PlaybarIcons/FastForward1.png"/> 
<file href="assets/playbar/PlaybarIcons/FastForward2.png"/> 
<file href="assets/playbar/PlaybarIcons/Forward.png"/> 
<file href="assets/playbar/PlaybarIcons/Glow.png"/> 
<file href="assets/playbar/PlaybarIcons/GlowSmall.png"/> 
<file href="assets/playbar/PlaybarIcons/Height.png"/> 
<file href="assets/playbar/PlaybarIcons/Pause.png"/> 
<file href="assets/playbar/PlaybarIcons/Play.png"/> 
<file href="assets/playbar/PlaybarIcons/Play_icon.png"/> 
<file href="assets/playbar/PlaybarIcons/Progress.png"/> 
<file href="assets/playbar/PlaybarIcons/Rewind.png"/> 
<file href="assets/playbar/PlaybarIcons/Stroke.png"/> 
<file href="assets/playbar/PlaybarIcons/StrokeSmall.png"/> 
<file href="assets/playbar/PlaybarIcons/TOC.png"/> 
<file href="assets/playbar/PlaybarIcons/Thumb.png"/> 
<file href="assets/playbar/PlaybarIcons/ThumbBase.png"/> 
<file href="assets/playbar/playbarScript.js"/> 
<file href="assets/toc/tocIcons/blankBookmark.png"/> 
<file href="assets/toc/tocIcons/clear.png"/> 
<file href="assets/toc/tocIcons/expander.png"/> 
<file href="assets/toc/tocIcons/fullBookmark.png"/> 
<file href="assets/toc/tocIcons/go.png"/> 
<file href="assets/toc/tocIcons/infoClose.png"/> 
<file href="assets/toc/tocIcons/moreinfo.png"/> 
<file href="assets/toc/tocIcons/searchBtnNormal.png"/> 
<file href="assets/toc/tocIcons/searchBtnSelect.png"/> 
<file href="assets/toc/tocIcons/visited.png"/> 
<file href="dr/29110_943_629.png"/> 
<file href="dr/34905_400_400.png"/> 
<file href="dr/43983_1314_766.png"/> 
<file href="dr/48102_1035_690Sa-62.png"/> 
<file href="dr/49335_395_594Fl1.png"/> 
<file href="dr/50086_1044_695.png"/> 
<file href="dr/50086_299_200.png"/> 
<file href="dr/50384_1032_689.png"/> 
<file href="dr/50624_1030_686.png"/> 
<file href="dr/50624_299_200.png"/> 
<file href="dr/50727_1035_689.png"/> 
<file href="dr/50830_1041_695.png"/> 
<file href="dr/50939_1024_681.png"/> 
<file href="dr/50939_299_200.png"/> 
<file href="dr/51042_1034_690.png"/> 
<file href="dr/51042_299_200.png"/> 
<file href="dr/5199_294_93.png"/> 
<file href="dr/55218_816_339.png"/> 
<file href="dr/55224_818_301.png"/> 
<file href="dr/55294_1037_593.png"/> 
<file href="dr/55620_548_575.png"/> 
<file href="dr/5572_194_62.png"/> 
<file href="dr/60186_28_23.png"/> 
<file href="dr/61097_1029_682.png"/> 
<file href="dr/67644_577_38.png"/> 
<file href="dr/Slide28572_thnail.jpg"/> 
<file href="dr/Slide28693_thnail.jpg"/> 
<file href="dr/Slide34921_thnail.jpg"/> 
<file href="dr/Slide35038_thnail.jpg"/> 
<file href="dr/Slide38728_thnail.jpg"/> 
<file href="dr/Slide44091_thnail.jpg"/> 
<file href="dr/Slide49274_thnail.jpg"/> 
<file href="dr/Slide50381_thnail.jpg"/> 
<file href="dr/Slide50615_thnail.jpg"/> 
<file href="dr/Slide50724_thnail.jpg"/> 
<file href="dr/Slide50827_thnail.jpg"/> 
<file href="dr/Slide50930_thnail.jpg"/> 
<file href="dr/Slide51039_thnail.jpg"/> 
<file href="dr/Slide5184_thnail.jpg"/> 
<file href="dr/Slide5381_thnail.jpg"/> 
<file href="dr/Slide55155_thnail.jpg"/> 
<file href="dr/Slide55358_thnail.jpg"/> 
<file href="dr/Slide55461_thnail.jpg"/> 
<file href="dr/Slide55841_thnail.jpg"/> 
<file href="dr/Slide5593_thnail.jpg"/> 
<file href="dr/Slide56066_thnail.jpg"/> 
<file href="dr/Slide56177_thnail.jpg"/> 
<file href="dr/Slide56288_thnail.jpg"/> 
<file href="dr/Slide63096_thnail.jpg"/> 
<file href="dr/Slide67334_thnail.jpg"/> 
<file href="dr/Slide68053_thnail.jpg"/> 
<file href="dr/Slide8984_thnail.jpg"/> 
<file href="dr/Slide9167_thnail.jpg"/> 
<file href="dr/loading.gif"/> 
<file href="goodbye.html"/> 
<file href="index_SCORM.html"/> 
<file href="project.txt"/> 
<file href="vr/Vi2.mp4"/> 
<file href="wor/wo_28687/USAID_animation.html"/> 
<file href="wor/wo_28687/USAID_animation_edge.js"/> 
<file href="wor/wo_28687/USAID_animation_edgeActions.js"/> 
<file href="wor/wo_28687/USAID_animation_edgePreload.js"/> 
<file href="wor/wo_28687/USAID_animation_oam.xml"/> 
<file href="wor/wo_28687/edge_includes/edge.3.0.0.min.js"/> 
<file href="wor/wo_28687/edge_includes/jquery-2.0.3.min.js"/> 
<file href="wor/wo_28687/images/Horizontal_RGB_600_0000_From-the-American-People.png"/> 
<file href="wor/wo_28687/images/Horizontal_RGB_600_0001_USAID.png"/> 
<file href="wor/wo_28687/images/Horizontal_RGB_600_0002_Circle-Logo.png"/> 
<file href="wor/wo_28687/images/Poster.png"/> 
<file href="wor/wo_28687/images/icon.png"/> 
<file href="wr/w_56031/Widget_56031.htm"/> 
<file href="wr/w_56031/checkbox.js"/> 
<file href="wr/wr_56025/jquery-1.7.1.js"/> 
<file href="Utilities.js"/> 
		</resource>
	</resources>
</manifest>
