<?xml version="1.0" encoding="utf-8"?>
<widget xmlns="http://openajax.org/metadata" spec="1.0" id="tag:adobe.com,2012-03:edge:oam:compid:EDGE-22034815" name="USAID_animation" version="1">

  <description type="text/html"><![CDATA[Widget Exported from Adobe Edge]]></description>
  <category name="Adobe Edge Animation"/>

  <remarks>Compatible with: InDesign CS6, Dreamweaver</remarks>

  <icon src="images/icon.png" width="800" height="400" />

  <require type="other" src="USAID_animation.html" />

  <require type="javascript" src="USAID_animation_edge.js" />
  <require type="javascript" src="USAID_animation_edgeActions.js" />
  <require type="javascript" src="USAID_animation_edgePreload.js" />
  <require type="javascript" src="edge_includes/edge.3.0.0.min.js" />
  <require type="javascript" src="edge_includes/jquery-2.0.3.min.js" />

  <require type="image" src="images/Horizontal_RGB_600_0000_From-the-American-People.png" />
  <require type="image" src="images/Horizontal_RGB_600_0001_USAID.png" />
  <require type="image" src="images/Horizontal_RGB_600_0002_Circle-Logo.png" />
  <require type="image" src="images/icon.png" />
  <require type="image" src="images/Poster.png" />

  <require type="folder" src="edge_includes" />
  <require type="folder" src="images" />


  <content><![CDATA[
    <div class="EDGE-22034815"></div>
  ]]></content>
   
  <properties name="Properties">
    <property name="default-width" defaultValue="800" hidden="true"/>
    <property name="default-height" defaultValue="400" hidden="true"/>
    <property name="resizable" defaultValue="true" hidden="true"/>
    <property name="use-chrome-frame" defaultValue="false" hidden="true"/>
    <property name="chrome-frame-installer" defaultValue="" hidden="true"/>				
		<property name="centering" defaultValue="none" hidden="true"/>				
		<property name="scaling" defaultValue="width" hidden="true"/>
    <property name="html-page" defaultValue="USAID_animation.html" hidden="true"/>
  </properties>

</widget>
